Participant,fold,uncorrelated
1,1.361512094,1.361193475
1,1.166844682,1.19047632
1,1.261732378,1.142653059
1,1.042564981,1.002585519
1,1.349925882,1.037406964
1,1.249856379,1.400415584
1,1.278324841,1.286711917
1,1.202797436,1.522664462
1,1.374723162,1.118577122
1,1.45070191,1.282504179
1,1.166606321,1.19052862
1,1.202538507,1.162418967
1,1.350565977,1.43844872
1,1.266405932,1.33829423
1,1.0464549,1.222320787
1,0.914276867,1.090285375
1,0.974076735,1.398106747
1,1.458251312,1.258183146
1,1.438236339,1.446150906
1,1.058084681,1.137870037
1,1.293867641,1.389914494
1,1.082107116,1.114127626
1,1.125979917,1.110017017
1,1.369892349,1.34595117
1,1.005768654,0.949872588
1,0.969875063,1.489813245
1,1.237673389,1.365839326
1,0.953687858,1.377714328
1,1.029726915,1.421671183
1,0.993750307,1.025471301
1,1.269663652,1.109566663
1,1.361528724,0.953448773
1,1.213451588,1.013456708
1,0.937617429,1.281501309
1,1.013438028,1.101293951
1,0.977402263,1.289293825
1,0.973377505,1.293283553
1,1.193259294,0.993201698
1,0.989272696,1.077018523
1,1.089143894,1.457079372
1,1.125013431,1.076982723
1,1.129252312,1.34503489
1,1.324991306,1.452924512
1,0.952975212,1.176841827
1,0.996832078,1.196847824
1,1.016871501,1.552764615
1,0.884891412,0.98867025
1,0.960770021,1.504710129
1,1.252682472,1.396608626
1,1.36063445,1.424530606
1,0.932613892,1.108612684
1,1.104695449,0.960361316
1,1.268581958,1.228470263
1,1.256527255,1.128376307
1,1.044434419,1.052352523
1,1.376422505,1.064146138
1,1.364330412,1.676132028
1,0.952218473,1.136210058
1,1.068316263,1.012248563
1,0.456194968,0.952016466
1,1.116213183,1.068101905
1,0.951966312,1.184033462
1,1.18008134,1.483870016
1,0.871965382,1.439802399
1,1.484008954,1.15582475
1,0.968041137,1.063821582
1,1.107829273,1.363785251
1,1.375790795,1.351697834
1,1.459712051,1.187734994
1,1.055705086,0.967673732
1,1.299704722,1.179572861
1,1.031699306,1.303459924
1,0.995617799,1.53143235
1,1.071477486,1.255413771
1,1.267421376,1.379321634
1,0.991463241,1.399331807
1,1.427212254,1.03526259
1,1.119459091,1.543260255
1,1.435113087,1.219159893
1,1.327289227,1.455003264
1,1.075156283,1.434983714
1,0.871182815,0.934927707
1,1.035130957,1.218852152
1,1.3910387,1.022831144
1,1.371065697,1.482675734
1,0.998671479,1.278822736
1,0.922829665,1.234818068
1,1.15880876,1.030706276
1,1.394643489,1.458674026
1,1.406737333,1.190609254
1,1.418739446,1.466568247
1,1.222730796,1.126288939
1,1.218554605,1.226454121
1,1.382574617,1.310361785
1,1.138461698,1.098276088
1,1.238494269,1.438376329
1,1.146398036,1.010274547
1,0.958349954,0.949892308
1,1.45826155,1.026178338
1,1.118290126,1.094068595
2,1.16518651,1.302597349
2,1.492064795,1.132613315
2,1.203040065,1.052538749
2,1.334794977,1.224528838
2,1.137592219,1.443776942
2,1.012890113,1.406987707
2,1.482956187,1.196538461
2,1.286942699,1.168502902
2,0.955030501,1.324345364
2,1.382909451,1.264493048
2,1.210895034,1.476349264
2,0.878821169,1.144346919
2,1.130707128,1.292120381
2,1.214849646,1.192107308
2,1.186538653,1.044195228
2,1.358612223,1.288141601
2,1.450524326,1.083972806
2,1.070519519,0.968159853
2,1.162467635,1.251845664
2,0.846474226,1.415876055
2,1.338340249,0.979845236
2,1.206289174,1.391836978
2,0.94629963,1.211728783
2,0.918212156,1.21580435
2,0.922120822,1.499726251
2,1.214041257,1.095637585
2,1.130039473,1.075542621
2,1.230067133,1.175582745
2,1.265816201,1.003409969
2,1.293949263,1.087467726
2,1.369870575,1.331409365
2,1.42165523,1.00725116
2,1.169529746,1.299336421
2,1.101705544,1.391285833
2,1.081494745,1.347205758
2,1.357596767,1.183104362
2,1.081530813,1.44306444
2,0.933507499,1.023022923
2,1.22549189,1.394890379
2,1.461420699,1.078950892
2,1.001359967,1.290896474
2,0.821321024,0.974801044
2,1.329258152,1.274739454
2,1.269185422,1.414728976
2,1.289053805,1.322694588
2,1.197065423,1.318700008
2,1.024987051,1.042607931
2,1.164946017,1.22266162
2,1.264936904,1.122446605
2,1.036915285,1.526522349
2,0.944869006,1.466424755
2,1.348807757,1.358445323
2,1.032772055,1.594341774
2,1.004784759,1.342257241
2,1.328580989,1.234137566
2,1.100625195,1.542234586
2,1.344589148,1.202101728
2,1.204429552,1.181994018
2,1.128480478,1.434092629
2,1.380450942,1.502061092
2,1.392364256,1.250050974
2,1.036257704,1.181830159
2,0.968137767,1.329837815
2,1.300125272,1.21372637
2,1.1121297,1.009747618
2,1.356101483,1.365730478
2,1.391994325,1.48948577
2,1.052072177,1.645546176
2,1.399922148,1.553539531
2,0.987912079,1.381487412
2,1.119867228,1.369418912
2,1.38787729,1.237389594
2,1.311708514,1.233220408
2,1.059617729,1.325169327
2,1.471512031,1.137286116
2,1.363668056,1.221146482
2,1.207493857,1.577204197
2,1.027538832,1.645084937
2,0.991420831,1.528992558
2,1.211387171,1.396874041
2,1.327334481,1.544935399
2,1.075369129,1.388751127
2,0.90329495,1.520792693
2,1.091116252,0.964765986
2,1.007033391,1.36880577
2,1.051022353,1.068731359
2,1.271018138,1.144679489
2,0.923091851,1.444539808
2,0.974794777,1.48053904
2,1.058775235,1.548486927
2,1.24683599,1.296451541
2,1.130731348,1.140332815
2,1.158747439,1.184370195
2,0.970518586,1.388293919
2,1.174632845,1.992212806
2,1.210598861,1.196187087
2,0.97453252,1.576099049
2,1.266515607,1.252141856
2,0.83838754,1.088021039
2,0.954414118,1.220012801
3,1.54310174,2.198612753
3,1.18126837,1.483658806
3,1.284916094,1.11668461
3,1.328900622,1.264275706
3,1.251665833,1.13210332
3,1.382715377,1.006644446
3,1.340855245,1.132698467
3,1.296866177,1.168851179
3,1.324781115,1.11674404
3,1.056794215,1.00849969
3,0.884703697,1.164544994
3,1.256629216,0.904525872
3,1.148555998,1.156363513
3,1.392472345,1.168424163
3,1.17234862,1.204265599
3,1.056599436,0.952214459
3,1.316404807,0.996271548
3,1.016400669,1.376185092
3,0.844355963,1.0521305
3,0.864211866,0.93618774
3,0.884187268,0.315954909
3,1.088306297,1.023947741
3,1.220097192,0.979995543
3,1.16008579,1.095718489
3,1.036023292,1.275792679
3,1.311973571,1.159729913
3,0.971899454,1.291659531
3,0.823910846,1.42349022
3,1.331860397,1.027575481
3,1.167713487,1.255583639
3,1.075619946,1.347548863
3,1.391734589,1.159605555
3,0.891525158,1.411338378
3,0.935697216,1.047401642
3,1.059583166,0.979313535
3,1.239349067,1.439333139
3,0.955350255,0.971262792
3,0.951371834,0.983194816
3,0.939218308,0.971173456
3,1.319179084,1.367115903
3,1.14722865,1.354894807
3,0.927189834,1.222984213
3,0.875171679,1.04274827
3,1.278950651,1.022993016
3,0.963051148,1.09873098
3,1.295101925,1.022735569
3,1.194961607,1.362739869
3,1.046938712,1.542417234
3,1.282848187,1.602554596
3,1.166869408,1.342573104
3,0.986742814,1.018571123
3,0.822647409,1.30242912
3,0.850672836,1.010469527
3,1.382580433,1.118507186
3,1.178355439,1.010313362
3,0.734447691,1.422394195
3,0.178402377,1.338371224
3,1.078532105,1.390244676
3,0.97827999,1.106146542
3,1.35029368,1.278094545
3,1.066306016,1.530061385
3,1.342068483,1.39805263
3,0.914160476,1.041862857
3,1.046139728,1.365926217
3,1.098052148,1.353780502
3,1.093866179,1.085715666
3,1.201941839,1.097735197
3,0.957860636,1.229817778
3,1.177708259,1.433420417
3,1.117854849,1.341549809
3,0.937669804,0.985519739
3,0.821537128,0.98951602
3,0.849663775,1.145351467
3,1.381646716,1.085369233
3,0.985491106,0.929374662
3,1.461468424,1.405320968
3,0.993360729,1.385218097
3,0.853323561,1.269091794
3,1.17721136,1.281181287
3,1.013207626,1.045103721
3,1.025177685,1.249031259
3,0.853240267,1.397028569
3,1.041085784,1.128834363
3,1.061015127,1.396910193
3,0.90503481,1.264798263
3,0.868874672,1.220813823
3,1.040887052,1.232674053
3,0.996861443,1.396650398
3,1.096717109,1.096601083
3,0.852697076,1.388551562
3,1.168617523,1.104599672
3,0.980583055,1.412482933
3,1.296592942,1.504479503
3,1.252600455,1.484422323
3,1.480527076,1.120237764
3,0.80450758,0.924177093
3,1.216387013,1.112303245
3,0.548364764,1.1801757
3,0.272317611,0.968111174
3,1.180358402,1.420013889
4,2.316819988,1.586060137
4,1.251532562,1.431421271
4,1.24213101,1.447207233
4,0.806299448,1.082935911
4,1.45694862,1.102040656
4,1.268850263,1.320887381
4,1.154449019,1.575190943
4,1.078436665,1.267254844
4,0.850360665,1.206993554
4,0.846394258,1.643188964
4,1.354125293,1.239102221
4,0.990049579,1.555145018
4,0.866124613,1.462922454
4,0.918125559,1.098941364
4,1.377999379,1.47096403
4,0.894028684,1.482784967
4,0.849943984,1.126709572
4,0.645964014,1.154618443
4,0.857794754,1.142593684
4,0.709811853,1.426557397
4,1.753846247,1.534617367
4,1.397642572,1.434539304
4,1.337594086,1.126510442
4,1.069612752,1.234416029
4,1.033609835,1.542410745
4,0.869500594,1.010221023
4,0.969469033,1.486329826
4,1.349260589,1.338163324
4,0.985379566,1.294153208
4,1.293259679,1.058111325
4,1.457178468,1.486072723
4,1.045242053,1.577975611
4,1.025097631,1.166021834
4,1.309074919,1.225877499
4,1.305018633,1.013875476
4,0.932923807,1.233730846
4,0.904996054,1.405921927
4,1.284899664,1.425669322
4,1.080942025,1.261724549
4,0.892767572,1.073684685
4,1.168726716,1.069632722
4,1.26063187,1.193369663
4,0.93664331,1.405455604
4,0.996530427,1.129381712
4,0.960532689,1.509279491
4,0.884424602,1.153246436
4,1.048400589,1.429109473
4,0.95634397,1.465216197
4,0.976303724,1.301275698
4,1.380254559,1.017036949
4,0.976265715,1.581103982
4,0.876187935,1.337059811
4,1.271997221,1.05283232
4,1.156119291,1.016894993
4,0.919933862,0.956769182
4,1.267988726,1.448797344
4,1.031992641,1.140798081
4,1.107815333,1.46461066
4,1.223847946,1.652610262
4,1.147786161,1.024695259
4,1.327801629,1.156486897
4,0.835666391,1.264467006
4,1.047568074,1.092517278
4,0.835616423,0.976353564
4,1.319502327,1.452467683
4,1.04347069,1.088269854
4,1.359465485,1.420252521
4,1.107365525,1.160266074
4,1.311362821,1.244039704
4,1.43530338,1.216081746
4,1.327229585,1.164041834
4,1.211109818,1.479997211
4,1.319066527,1.171876421
4,1.163111219,1.423936285
4,1.32695538,1.019904771
4,1.314997121,1.231925052
4,1.270916359,1.035805485
4,1.354940178,1.487742296
4,1.25477799,1.443635031
4,0.882858036,1.439582857
4,0.958759427,1.515596737
4,1.18669131,1.53545462
4,1.19044808,1.57138962
4,1.122572888,1.047374392
4,1.350469288,1.531295519
4,1.066402967,1.207387882
4,1.326365269,1.147172433
4,1.274443492,1.127248652
4,0.990315721,1.347235734
4,1.130218117,1.239030846
4,1.126120225,1.091013157
4,1.138164481,1.303002825
4,1.102062931,1.218924334
4,1.122093456,1.494878952
4,0.822040747,1.466854324
4,1.08993063,1.374744166
4,0.837866253,1.170804131
4,1.001725499,1.222638763
4,0.877906444,1.258567045
4,1.249714063,1.134536989
5,1.110450654,1.193150798
5,1.235038589,0.999050302
5,1.30809814,0.870909651
5,0.879922226,0.858999943
5,0.842967819,1.198217717
5,0.909825418,1.121681279
5,1.268170301,1.199057213
5,0.808052553,1.003004399
5,0.884071523,1.230997801
5,0.880128424,1.362826828
5,1.075934472,1.254898535
5,0.799869551,0.874751306
5,1.227759515,1.222722717
5,1.087791123,1.354635359
5,1.227876743,1.110681662
5,0.967707726,1.122593195
5,0.971650849,1.094539292
5,1.335716218,1.114464693
5,1.107503168,1.030418098
5,1.199469255,1.378405142
5,1.235387238,1.022364354
5,1.255425131,1.082332655
5,1.107333955,1.078315762
5,1.199375576,1.29822489
5,1.107280046,1.270128328
5,0.919188272,1.402074954
5,0.947285481,1.094122558
5,0.919147045,1.449909178
5,1.339061384,1.061840807
5,1.231124658,1.009912967
5,1.251023728,1.333834071
5,0.854824856,1.369816073
5,0.706763747,1.253761948
5,0.966789339,1.393711382
5,0.810746397,1.421471091
5,0.82255919,1.273485498
5,1.034659173,1.285507303
5,1.054738004,1.417505922
5,1.170583108,1.061478911
5,1.078575139,1.12131611
5,0.866409715,1.029344989
5,0.958456322,0.881296907
5,0.778273897,1.037207094
5,0.894445562,1.289170951
5,1.170302392,1.060966724
5,0.80614427,1.217213083
5,0.922126092,0.949001563
5,0.798078557,0.99295857
5,1.058060591,1.132914304
5,1.118093889,1.472865844
5,0.849952409,1.492790778
5,0.766106425,1.345046259
5,0.897966514,1.172802051
5,1.301836422,1.064746264
5,0.993811751,1.292533654
5,1.02165745,1.232238999
5,1.329687971,1.356478386
5,1.14957896,1.152503743
5,1.289489658,1.444356258
5,0.853528043,1.192259102
5,0.697536686,1.052387444
5,0.989439632,0.99233229
5,0.825418944,1.139354314
5,0.853372302,1.112275183
5,0.665164499,1.036051077
5,1.181225762,1.248052109
5,1.024973952,1.035995098
5,0.837126233,1.439913531
5,1.273151325,1.187971683
5,1.220899615,1.015803861
5,1.024963455,1.339780872
5,1.276864726,1.27973509
5,1.256904601,1.13172906
5,0.900983329,1.391607516
5,1.312776909,1.059562284
5,1.108792497,1.311503948
5,0.840628817,1.235467056
5,1.180640201,1.519454653
5,1.000594887,1.147496577
5,0.740440072,1.127367094
5,1.16058854,1.459253733
5,1.06040894,1.0232488
5,1.008411863,1.05120892
5,1.204315583,1.047186475
5,1.248266296,1.29112604
5,1.036118327,1.135052507
5,0.792095208,0.931057241
5,1.204201914,1.134897399
5,0.936108543,0.946980438
5,1.075902875,0.85481856
5,0.992011154,0.858796335
5,1.251898452,1.198712415
5,0.935760053,0.98662532
5,0.947832091,1.053597385
5,0.927728377,0.930591766
5,1.307742673,0.990345229
5,1.271622727,1.282288705
5,1.355631154,1.429706767
5,1.031640796,1.394561195
5,0.883457259,1.43040711
6,1.332366381,1.467339723
6,1.067209647,1.201842936
6,1.010454881,1.40146441
6,0.878354935,1.133287202
6,0.953257486,1.312768394
6,1.340246096,1.275983695
6,1.114431665,1.385372866
6,1.302423464,1.229488407
6,0.986337651,1.217289129
6,1.1343816,1.413360159
6,1.082093821,1.161228893
6,1.078103046,1.173120529
6,1.49012611,1.393077489
6,1.390210735,1.333140794
6,1.161890974,1.137067108
6,1.037976708,0.996871141
6,1.362006461,0.936929158
6,1.229837903,1.404921528
6,1.449841558,1.392828159
6,1.061758617,1.060760013
6,1.329705349,1.29678066
6,1.133743833,1.06077412
6,1.033600053,1.200552061
6,1.229662068,1.444610693
6,0.809602499,1.00058418
6,1.405519633,0.948594376
6,1.233455655,1.312454915
6,1.301418984,1.068437488
6,1.377335052,1.120431276
6,0.813268401,0.980283045
6,0.961299652,1.320245764
6,0.869129753,1.452216506
6,0.897197282,1.312122684
6,0.965210438,1.036048429
6,1.089045961,1.040034162
6,1.205046086,1.107994315
6,1.312976933,0.967915408
6,0.908833311,1.26791611
6,1.208866448,1.063854775
6,1.324745584,1.035903159
6,1.104737552,1.20772244
6,1.148729383,1.227681866
6,1.360711891,1.391735096
6,1.180557198,0.987622533
6,1.136510102,1.047580173
6,1.340520504,1.075525808
6,0.928498128,0.927475209
6,1.47635713,0.995331975
6,1.328267737,1.303372838
6,1.404322318,1.355322639
6,1.056276923,1.071228649
6,0.924206243,1.155186933
6,1.19220457,1.263131269
6,0.996144265,1.307035562
6,0.968132315,1.239037885
6,0.995924569,1.498874147
6,1.327955123,1.415005784
6,1.043913878,0.994971158
6,0.863851421,1.150926831
6,0.891769563,1.242851203
6,1.007756812,1.150669444
6,0.875693638,1.058693589
6,1.383628033,1.270486118
6,1.259446498,1.034745192
6,1.039546776,1.438461661
6,0.955395578,1.034537852
6,1.263528772,1.190488535
6,1.107284362,1.490399913
6,0.9433072,1.42231248
6,0.827331227,1.098308238
6,0.943271046,1.350338554
6,1.179128726,1.170120717
6,1.047190073,1.054140501
6,0.835037773,1.074077017
6,1.215039467,1.174027393
6,1.403134524,0.977962465
6,0.902710044,1.485982047
6,1.43477214,0.993817778
6,1.070836521,1.485777581
6,1.36275763,1.31382351
6,1.318710093,1.085680438
6,0.802639133,0.905756696
6,1.038663368,1.029620955
6,0.922591786,1.409603707
6,1.350635769,1.261478079
6,1.066490907,0.945465937
6,1.006368921,0.917450962
6,1.058450301,1.233384968
6,1.27827357,1.405178341
6,1.01840028,1.433231533
6,1.198228875,1.429177559
6,0.914059003,1.209163799
6,0.990076003,1.213114368
6,1.282052418,1.281133008
6,0.989907642,1.117149306
6,1.225921203,1.19295423
6,0.813959808,1.076787554
6,0.857801669,0.928924574
6,0.973727446,1.524868038
6,1.009560246,1.488746547
7,1.350710966,1.300176652
7,1.09284475,1.170449762
7,1.356654004,1.066542084
7,0.984474438,0.966199725
7,1.235882773,1.033422704
7,1.231690167,1.404935337
7,1.276653172,1.210481196
7,1.152628332,1.390433797
7,1.156516154,1.098391897
7,1.336607082,1.214420598
7,1.164541492,1.210401692
7,1.240461897,1.166394674
7,1.332275454,1.426198396
7,1.312380052,1.318274091
7,0.972254028,1.290191839
7,0.89624008,1.102065327
7,0.812215409,1.394170943
7,1.392190859,1.246028093
7,1.404086632,1.409935045
7,0.984105935,1.069930368
7,1.259978127,1.337825647
7,1.047967339,1.229828816
7,1.131972855,1.073700192
7,1.503818404,1.269727097
7,0.859830537,0.921639086
7,0.927696818,1.453720791
7,1.379731615,1.337573909
7,0.999490139,1.397478832
7,1.003378234,1.417513103
7,0.951492196,0.997387234
7,1.28352494,1.129344829
7,1.359470709,0.957125563
7,1.275390378,1.073272092
7,0.9513667,1.109091177
7,0.979269483,1.041200251
7,0.943303652,1.261129736
7,0.811171973,1.280996109
7,1.183284325,0.997075806
7,0.955170492,1.040880875
7,0.951181615,1.564925782
7,1.154981958,1.152910618
7,1.150982806,1.388793669
7,1.370911045,1.472778735
7,0.990882437,1.108561319
7,0.946778426,1.136685974
7,1.022791831,1.500638358
7,0.898570564,0.952395763
7,0.878471908,1.420536512
7,1.218645704,1.296497556
7,1.278586645,1.39642004
7,0.778673122,1.16840253
7,0.982582484,0.948346708
7,1.162460457,1.192264533
7,1.174325815,1.068292237
7,1.202536576,1.056181356
7,1.34242058,1.020115763
7,1.314361929,1.376080094
7,0.766194716,1.19612058
7,1.074197382,0.919970565
7,1.118105146,0.883881207
7,1.026051175,1.063839525
7,0.886039465,0.883894659
7,1.233957109,2.231731415
7,0.797960812,1.531754018
7,1.393858874,1.167701924
7,0.917849186,1.075540705
7,1.089709729,1.431535349
7,1.333664648,1.531514115
7,1.401589075,1.191463568
7,1.037709379,0.955295612
7,1.225528235,1.159359372
7,1.077458061,1.163336906
7,0.993399018,1.327360024
7,1.173415486,1.059288202
7,1.169342657,1.31923001
7,0.861345884,1.403184449
7,1.377274334,0.99106118
7,0.941360524,1.474922994
7,1.377117817,1.230921498
7,1.237066376,1.410913711
7,0.984936137,1.438918758
7,0.812990383,1.07484468
7,0.98495315,1.190831094
7,1.372945376,0.970793963
7,1.200978158,1.446647485
7,0.924763971,1.458402919
7,0.928836503,1.28665604
7,1.204690992,1.034558026
7,1.288724715,1.526482501
7,1.34874569,1.234393843
7,1.336577338,1.878474031
7,1.164596316,1.122350407
7,1.104507747,1.158214871
7,1.372340257,1.386281619
7,0.984433063,1.054234551
7,1.140273596,1.346133159
7,1.056219856,0.942013436
7,0.852188376,1.058144922
7,1.496218604,1.053979141
7,1.060136084,1.177946633
8,1.396560717,1.267065563
8,1.218973989,1.470846161
8,1.250151241,1.232126523
8,1.125932495,1.340051191
8,1.18491169,1.070944408
8,1.09203163,1.475321402
8,1.274187471,1.280197255
8,1.078237361,1.140191909
8,1.146100811,1.088264832
8,1.478124362,1.468098357
8,1.218077764,1.336049368
8,1.117778849,1.356009774
8,1.409950219,1.192004671
8,1.549907386,1.259863312
8,1.2737289,0.999863928
8,1.045815459,1.219825965
8,1.0097138,1.271726722
8,1.333720756,1.403826323
8,1.369627199,1.399710168
8,1.141623245,1.379691651
8,1.305541839,1.199747382
8,1.277520185,1.435489468
8,1.201454696,1.295448325
8,1.445396957,0.931422488
8,1.017363517,1.247385862
8,0.997215443,1.027340905
8,1.369238411,1.055341676
8,0.989301954,1.355252645
8,1.01701098,1.071331302
8,1.021069627,1.051234067
8,1.169169494,1.199156512
8,1.653077435,1.131024086
8,1.401020509,1.031036225
8,1.132931999,1.026974553
8,1.024854493,0.990953106
8,1.31677307,1.242901516
8,0.960788147,1.174721554
8,1.244586964,1.106829694
8,1.216612038,1.238780135
8,1.068702438,1.55473368
8,1.288435315,1.510672661
8,1.172576071,1.226715405
8,1.464477891,1.086682567
8,1.108510507,1.282577174
8,0.936380151,1.182466709
8,0.956210303,1.474355604
8,0.984262668,1.414408027
8,0.988148483,1.034335268
8,1.272234321,1.446214878
8,1.372194673,1.346215003
8,0.976066538,1.39813115
8,1.052125847,1.170086594
8,1.231992258,1.046061791
8,1.267934675,1.274121014
8,1.071933414,1.262006786
8,1.339819653,1.449831616
8,1.447840769,1.245855862
8,0.939658686,1.217772505
8,1.119733719,1.173819774
8,1.115701666,1.47369315
8,1.175566405,1.373703136
8,1.363516248,1.385599653
8,1.399391035,1.261596653
8,1.019475629,1.505368098
8,1.439415472,1.621445722
8,1.003398683,1.401494675
8,0.423339568,1.205448868
8,1.531263437,1.37737488
8,1.44736629,1.197254297
8,1.131082965,1.401229296
8,1.295072347,1.005124142
8,1.075086452,1.417133844
8,0.959043069,1.101179427
8,1.234923802,1.305013467
8,1.134913197,1.228975196
8,1.05091646,1.128923344
8,1.390826157,1.316800906
8,0.954580674,1.424964063
8,1.366542016,1.132644684
8,1.322722049,1.136677843
8,1.030618534,1.148743312
8,0.874620083,1.24069103
8,0.92628608,0.588600204
8,1.394413156,1.320588768
8,1.470436244,1.364570606
8,1.194399835,1.032391134
8,1.022317821,1.252442232
8,1.298253535,1.32036689
8,1.598207769,1.484377286
8,1.49019818,1.14427404
8,1.461991072,1.300257279
8,1.194124662,1.088091508
8,1.430103753,1.324036218
8,1.345882353,1.376076139
8,1.141945006,1.499948233
8,1.217941205,1.183869208
8,1.429833069,1.091883536
8,1.249778798,1.351908031
8,1.525617396,1.363777848
8,1.153612041,1.287769669
9,1.440694085,1.37094007
9,1.239210739,1.472720525
9,1.326478955,1.264804283
9,1.186245493,1.388561455
9,1.237966215,1.135968798
9,1.241224441,1.603669486
9,1.366554533,1.104811058
9,1.210445616,1.124727578
9,1.134635589,1.040696119
9,1.42664727,1.452661745
9,1.078468885,1.25674972
9,1.122422221,1.468699136
9,1.430268613,1.232524295
9,1.378095446,1.24452181
9,1.078262749,1.104599405
9,0.898300608,1.204359656
9,0.926175861,1.312324333
9,1.394018512,1.460292827
9,1.469909658,1.40816626
9,1.018082904,1.452193383
9,1.334061017,1.1040509
9,1.129924191,1.508040282
9,1.245746057,1.328115882
9,1.409851682,1.08404291
9,0.97383645,1.287966817
9,1.001741712,1.155901736
9,1.309618493,1.151865912
9,1.017675548,1.37183063
9,1.013676362,1.279780912
9,1.073498599,0.98776313
9,1.421528197,1.303676648
9,1.441402688,1.139622884
9,1.44548064,1.023584893
9,0.993431525,1.043459652
9,1.141293825,1.079379342
9,1.105201353,1.31535881
9,1.005231919,1.071411363
9,1.265098118,1.203399038
9,1.037087058,1.095288292
9,1.1691705,1.47531103
9,1.356962436,1.439230375
9,1.232728646,1.203145633
9,1.380821327,1.207041444
9,1.192792158,1.306975845
9,1.12486843,1.206957296
9,1.264732379,1.418868412
9,1.172636711,1.310902937
9,1.240678263,1.162837233
9,1.348600385,1.518760071
9,1.46447712,1.394764362
9,0.91648946,1.414750765
9,1.120459121,1.082639905
9,1.332307318,1.022605266
9,1.296390522,1.322541991
9,1.156410224,1.214492835
9,1.472266866,1.418533989
9,1.468261317,1.038429088
9,1.032145872,1.162339056
9,1.284000051,1.294202151
9,1.199986188,1.538161997
9,1.220011842,1.502207009
9,1.039972642,1.578140217
9,1.275892834,1.43014175
9,0.975808915,1.522153636
9,1.499790556,1.453952295
9,1.215692776,1.305985601
9,1.235765401,1.285798401
9,1.615640894,1.409764709
9,1.707697458,1.18983498
9,1.503550869,1.489733936
9,1.555455495,1.005774073
9,1.103333293,1.481577389
9,1.02739043,1.245591805
9,1.191363152,1.377500047
9,1.24329809,1.365513944
9,1.047201186,1.249484447
9,1.547161508,1.405380089
9,0.999183953,1.473353649
9,1.474952934,1.053344197
9,1.415121736,1.409210036
9,0.979007525,1.17323806
9,0.918939438,1.073116198
9,0.954812821,1.180991227
9,1.542826891,1.225066123
9,1.378795258,1.349077932
9,0.974682378,1.144921347
9,0.994560087,1.22090096
9,1.25458333,1.296918938
9,1.3386301,1.43684732
9,1.446464852,1.328754766
9,1.434435433,1.292691442
9,1.222431096,1.184511201
9,1.330470782,1.308565689
9,1.326367819,1.26451997
9,1.098324124,1.60452233
9,1.270203653,1.240442649
9,1.106197526,1.100338751
9,1.102075343,1.400417505
9,1.55394907,1.340283454
9,1.110020003,1.280098662
10,0.946995722,1.212575184
10,1.041226229,1.114547646
10,0.809342502,1.010669358
10,0.949088887,1.158562653
10,0.992111594,1.39324183
10,0.811878758,1.293337687
10,1.049263625,1.154574018
10,1.045234899,0.990650504
10,0.84921549,1.146600483
10,0.901083838,1.142536879
10,1.185251654,1.306556904
10,1.15706181,0.998473381
10,1.089082989,1.210396023
10,0.932952548,1.030452014
10,0.800946922,0.954317763
10,0.852859012,1.29426488
10,1.256880357,0.954215424
10,0.932850306,1.038203779
10,1.344768617,1.082101815
10,1.292598467,1.382079382
10,1.30467329,1.017891884
10,1.180545257,1.174008942
10,1.112696247,0.961822157
10,1.276559931,1.125936184
10,1.24035214,1.449873313
10,1.060401245,1.061749938
10,1.312361311,1.025613936
10,0.980352023,1.125636233
10,0.960273406,0.881609229
10,0.956254952,1.077593013
10,1.016147707,1.225533805
10,1.124111273,0.917558654
10,1.056003811,1.145225831
10,1.316095972,1.349294158
10,0.920028886,1.289325516
10,0.899943308,1.101267597
10,1.01584441,1.369193246
10,1.323787788,0.973146202
10,1.167818539,1.328887167
10,0.963726123,0.973042294
10,0.983733974,1.377019582
10,1.275654482,0.95695276
10,1.071642336,1.177010105
10,0.85949276,1.340885094
10,1.223573453,1.120825524
10,1.227462135,1.27658897
10,0.96755327,0.976721457
10,1.291313031,1.132691046
10,0.951281981,1.104643549
10,1.083296557,1.220686285
10,0.903229341,1.376491586
10,1.019170239,1.284490534
10,0.846963577,1.376422609
10,1.251100495,1.260435019
10,1.182979428,1.008302749
10,1.330867469,1.340285163
10,0.910812312,0.976146118
10,1.074855808,1.076131903
10,0.846845883,0.920154343
10,0.858865652,1.412180172
10,1.102724391,1.03190461
10,1.010704854,1.123974824
10,1.038503267,1.231826466
10,1.202576872,1.091927178
10,1.102454409,0.927854737
10,0.890520923,1.00385289
10,1.262305996,1.423711316
10,0.906354885,1.435723913
10,1.286301102,1.367715681
10,1.274207801,1.051565908
10,0.942283579,1.167563795
10,1.290169093,0.995613285
10,0.87002227,1.039521115
10,1.09003484,1.259506148
10,0.853884162,1.095430304
10,1.241915194,1.035407104
10,0.95777835,1.479351889
10,0.929918381,1.563240541
10,1.141651093,1.367134508
10,0.833722064,1.419178017
10,1.309600221,1.39908316
10,0.825684818,1.28298481
10,1.213752248,1.423016213
10,1.337679094,0.954769209
10,1.06149273,1.366959075
10,1.089512803,0.986787043
10,1.237438072,1.046746579
10,1.377405809,1.306686214
10,1.101306906,1.406643642
10,1.065290541,1.482621091
10,0.933235708,1.118677402
10,0.801192632,1.026554535
10,1.045070379,0.95040319
10,0.913063493,1.130399897
10,0.933178533,1.446209788
10,0.833046383,1.042380809
10,1.236972276,1.526359343
10,0.960827614,1.202159067
10,0.908788187,0.98226833
10,0.984851216,1.170126029
11,1.354618985,1.535002679
11,1.385391008,1.259251256
11,1.200658627,1.410554208
11,1.300548382,1.110457509
11,0.823267576,1.314072347
11,1.347475646,1.309697053
11,0.992620814,1.434646939
11,1.084438649,1.214627446
11,0.944641491,1.250545308
11,1.308523994,1.526492489
11,1.128093437,1.250462769
11,1.276379256,1.246519724
11,1.072198808,1.442356316
11,1.092250564,1.462352308
11,0.944267246,1.234277025
11,1.132133933,1.022296121
11,1.199872912,0.962159994
11,1.372138377,1.502141593
11,1.368087852,1.450030792
11,1.419884291,1.110023626
11,1.023896129,1.361980949
11,1.363743966,1.077935072
11,1.207681947,1.241805842
11,0.891691606,1.53391095
11,1.119605832,1.017820212
11,0.891553865,1.02173957
11,0.999532185,1.37768787
11,1.331370592,1.197693159
11,0.975372321,1.153618397
11,0.915251509,1.069516314
11,1.06340883,1.417407445
11,0.867226473,1.517329686
11,0.951053964,1.369313287
11,1.035218831,1.037238763
11,0.870999179,1.129148026
11,1.131096941,1.141172937
11,0.982879872,1.02514888
11,1.154933921,1.301105436
11,1.00695888,1.11301973
11,1.458716908,1.133030378
11,1.478731786,1.304936665
11,1.082707829,1.324852118
11,0.958605258,1.472813705
11,1.218508565,1.028904452
11,1.190545302,1.032772288
11,1.426496794,1.156707882
11,1.214597565,1.040630703
11,1.058347245,0.996636735
11,1.430337533,1.416495793
11,1.306284997,1.404411032
11,1.470209351,1.120318755
11,1.138312852,1.140341775
11,0.982139704,1.272286432
11,1.306243991,1.404373629
11,1.206082737,1.048162324
11,1.538072419,1.436164673
11,1.02981846,1.440088379
11,1.137917093,1.028121041
11,1.357883,1.168006251
11,1.49766495,1.203953731
11,1.477742497,1.184006238
11,1.481677138,1.083956885
11,1.157772828,1.335874094
11,1.441566393,1.051687166
11,1.557484862,1.519779955
11,1.241491525,1.067691601
11,1.037379641,1.263528014
11,1.385362583,1.459403946
11,1.085257798,1.503539571
11,1.481216232,1.147458239
11,0.949286068,1.343409247
11,1.409037763,1.243335777
11,1.021045409,1.159374036
11,1.457050258,1.171334009
11,1.252978858,1.247153349
11,1.184837265,1.083139852
11,1.532871639,1.478976794
11,1.488838244,1.019039584
11,0.908752983,1.542957315
11,0.992729723,1.402941214
11,0.884699817,1.110881131
11,1.00063833,0.922854165
11,1.052509467,1.150708899
11,1.17642703,1.498700484
11,1.228493339,1.454632001
11,0.904455847,1.114564348
11,1.17238554,1.038532614
11,1.256106105,1.234563044
11,1.444237284,1.43048225
11,1.008122627,1.498389059
11,1.284165526,1.446323749
11,1.144087422,1.274389821
11,1.403970449,1.214273985
11,1.31199842,1.378146796
11,1.371889361,1.238097711
11,0.91987173,1.298196692
11,1.011788531,1.230026456
11,1.319793885,1.001906274
11,1.211739395,1.486010261
11,1.095653669,1.241832789
12,1.368899285,1.442401675
12,1.228055829,1.26498322
12,1.133004397,1.088111633
12,1.185055764,1.284292859
12,1.332010021,1.439806618
12,1.319984976,1.115144075
12,1.157064524,1.360430975
12,1.0009625,1.452504912
12,1.324811888,1.088323676
12,1.30496332,1.380347448
12,1.508775572,1.496123928
12,1.048779439,1.612065388
12,1.372707818,1.424130818
12,1.096700947,1.260027717
12,0.956739722,1.111685109
12,1.296555904,1.195899255
12,1.004574763,1.775943151
12,1.136423351,1.243912025
12,1.204438706,1.679816208
12,1.480347413,1.819690148
12,0.964258,1.719531367
12,1.360238661,1.571646897
12,1.044235597,1.519546564
12,1.104174882,1.50749734
12,1.308119937,1.559521834
12,0.976072417,1.691353762
12,1.060033428,1.639364376
12,1.120033555,1.211193943
12,0.971958682,1.215286603
12,1.111864491,1.283188868
12,1.427737703,1.41512962
12,1.239581266,1.378918031
12,1.123710221,1.439079327
12,1.407670547,1.642859085
12,1.659488677,1.222981273
12,1.111482175,1.218885814
12,1.507539279,1.430854161
12,0.943411559,1.594871096
12,1.45941014,1.374683528
12,0.887260524,1.31469653
12,1.219332509,1.326592284
12,1.191250754,1.562521102
12,1.395254635,1.382466002
12,1.455174388,1.242393371
12,1.378977376,1.470438734
12,1.206998125,1.506365931
12,1.002991972,1.510169354
12,1.254914923,1.546188662
12,0.994673658,1.342091817
12,1.038865923,1.514060509
12,1.378719864,1.366019169
12,1.334781659,1.482017657
12,1.322595548,1.26996341
12,1.534548106,1.505934925
12,1.290599013,1.581823523
12,1.430465672,1.601724687
12,0.962495247,1.205860436
12,1.022405332,1.161720684
12,0.87438654,1.029628307
12,1.478304799,1.185583231
12,1.042170228,1.405577924
12,1.510252425,1.273446206
12,1.490151155,1.237475098
12,1.390175007,1.401453419
12,1.074058589,1.173278052
12,1.014108786,1.041301328
12,1.482013197,1.517225821
12,1.54205434,1.121183623
12,1.417948344,1.661223492
12,1.26180261,1.401018914
12,1.281756682,1.269073969
12,1.141748763,1.537032927
12,1.041564476,1.372899208
12,1.341572341,1.264897706
12,1.273479021,1.01279996
12,1.093478071,1.504812957
12,1.577423947,1.108681825
12,1.453333245,1.144779295
12,1.433294135,1.484524969
12,1.413326232,1.112495961
12,1.321310744,1.628437808
12,1.261140148,1.184433045
12,1.609050757,1.492373006
12,1.069110681,1.648260196
12,1.440952968,1.652340602
12,1.148977479,1.312270665
12,1.168990618,1.484099341
12,1.380916657,1.576188695
12,1.560824709,1.244019948
12,1.556786146,1.312082679
12,1.272702258,1.13193362
12,1.164719756,0.911945657
12,1.024542481,1.139886794
12,1.188563053,1.127798279
12,1.560507419,1.443779068
12,1.268553956,1.159714853
12,1.584399483,1.627603313
12,1.364459908,1.143662849
12,0.968390836,1.283537915
12,1.300315962,1.167457064
